,title,channel_name,Description,Views,Time,Link
0,"$1 Vs $100,000,000 House!",MrBeast,"I can‚Äôt believe how expensive the last house is Buy Feastables this Halloween! Our limited edition trick or treat bags are now available at Walmart, Target, and Albertsons stores nationwide...",54M views,19 hours ago,https://www.youtube.com/watch?v=3ryID_SwU5E
1,The Ring of Fire: 2023 Annular Solar Eclipse (Official NASA Broadcast),NASA,"Watch live with us as a ‚Äúring of fire‚Äù eclipse travels across the United States on Oct. 14, 2023, from Oregon to Texas. This event occurs when the Moon passes directly in front of the...",8.6M views,Streamed 18 hours ago,https://www.youtube.com/watch?v=LlY79zjud-Q
2,My First Time Playing D&D,Jaiden Animations,roll for you to watch this video and say it was funny and great and jaiden is so awesome oh look at that a nat 20 Alpharad: https://www.youtube.com/@Alpharad Ranboo: https://www.youtube.com/c/Ranbo...,1.4M views,17 hours ago,https://www.youtube.com/watch?v=OQx7q6mwkV4
3,BAD BUNNY - MONACO (Official Video) | nadie sabe lo que va a pasar ma√±ana,Bad Bunny,BAD BUNNY MONACO (Official Video) https://www.nadiesabeloquevaapasarmanana.com Suscr√≠bete al canal: https://www.youtube.com/BadBunnyPR M√°s de Bad Bunny: nadie sabe lo que va a pasar ma√±ana...,7.6M views,1 day ago,https://www.youtube.com/watch?v=_PJvpq8uOZM
4,Stanford Cardinal vs. Colorado Buffaloes | Full Game Highlights,ESPN College Football,"The Stanford Cardinal complete the largest comeback in school history by defeating the Colorado Buffaloes, 46-43, in double overtime. Shedeur Sanders threw for 400 YDS, 5 TD & 1 INT as Coach...",1.9M views,1 day ago,https://www.youtube.com/watch?v=BOjWDbuCNBA
5,my experience in the SCARIEST hotel ever,SocksStudios,https://socks.store/ get a shirt!!!! Watch 100 Hours in the World's Weirdest Hotels!!! https://youtu.be/D8u8j_N20Uk?si=0LBHSI2UtfYMex_W subscribe or HAVE TERRIBLE SLEEP FOR THE NEXT MONTH!!!...,301K views,19 hours ago,https://www.youtube.com/watch?v=m-dvENphSmU
6,"WARRIORS at LAKERS | NBA PRESEASON FULL GAME HIGHLIGHTS | October 13, 2023",NBA,"Never miss a moment with the latest news, trending stories and highlights to bring you closer to your favorite players and teams. Download now: https://app.link.nba.com/NBAapp The Golden State...",1.8M views,1 day ago,https://www.youtube.com/watch?v=FhI3nph0a60
7,Catch The Right Color Pokemon To Win,PM7,"First to catch the wrong color Pokemon 5 times loses! Play War Thunder for FREE with my link, and get a massive bonus pack including vehicles, boosters, and lots more! https://playwt.link/pm7...",187K views,20 hours ago,https://www.youtube.com/watch?v=JE22j-YbH0U
8,I Invited 100 Billionaires To My Birthday,Ryan Trahan,i'm an iPad kid,3M views,1 day ago,https://www.youtube.com/watch?v=xUmjpZSs5qA
9,I Survived 100 Days as a FIRE POKEMON in HARDCORE Minecraft,Fozo,"Today I had to survive 100 days in Minecraft as the Fire Pokemon, Charizard! I had to save all my fellow pokemon and our trainers, from an evil Gyarados! Will I be strong enough to defeat him?...",355K views,21 hours ago,https://www.youtube.com/watch?v=dJ3jUE-z2uM
10,Israeli military said its ground troops raided homes in Gaza | ITV News,ITV News,"On Friday, the Israeli military said ground troops entered the Gaza Strip and conducted house raids. In a statement, the army said it entered Gaza to battle Hamas terrorists, destroy weapons...",1.3M views,1 day ago,https://www.youtube.com/watch?v=EQSPMSXFnS8
11,The End of an Era: Why I'm Closing My Small Engine Repair Shop After 12 Years..(Medical Issues),Chickanic,"Thanks for tuning back into Chickanic! If you found this video helpful, please LIKE, SUBSCRIBE and COMMENT!! If you would like to show your support, find my Amazon Wish List HERE! https://www.ama...",374K views,22 hours ago,https://www.youtube.com/watch?v=Q-zav87N_BE
12,I Turned my Bed into a Fish Tank!,Ben Azelart,I Turned my Bed into a Fish Tank... the ending was crazy! Video inspired by: @AquariumInfo @drewdirksen Subscribe below! STAY WILD https://www.youtube.com/@StayWildVlogs CAM HUFF https://www.yo...,2.5M views,1 day ago,https://www.youtube.com/watch?v=GOUG2xcDwsc
13,Troye Sivan - One of Your Girls (Official Video),Troye Sivan,Get the album ‚ÄòSomething to Give Each Other‚Äô by Troye Sivan: https://troyesivan.lnk.to/SomethingToGiveEachOtherID Watch Troye‚Äôs Music Videos: https://youtube.com/playlist?list=PLCruzMXby65nw...,2.6M views,2 days ago,https://www.youtube.com/watch?v=ZhGl8McrOHo
14,Netherlands vs. France Highlights | European Qualifiers,FOX Soccer,Check out the best moments as the Netherlands and France faced off in the 2024 European Qualifiers. #FOXSoccer #Netherlands #France SUBSCRIBE to get the latest FOX Soccer content: http://foxs.pt/...,292K views,1 day ago,https://www.youtube.com/watch?v=Hcaw4mWlrHA
15,Arrests reported at Palestinian rally in Downtown Miami,CBS Miami,CBS News Miami's Ivan Taylor reported there had been four arrests at a pro-Palestinian rally in downtown Miami on Friday afternoon.,484K views,1 day ago,https://www.youtube.com/watch?v=jzPjV85nMl8
16,"Ice Spice, Rema - Pretty Girl (Official Music Video)",Ice Spice,Stream & Download Ice Spice & Rema‚Äôs ‚ÄúPretty Girl‚Äù new single here: https://IceSpice.lnk.to/PrettyGirl Follow Ice Spice Everywhere: Facebook: https://www.facebook.com/icespicemusic1/...,2M views,1 day ago,https://www.youtube.com/watch?v=__ym7vClmp4
17,Colorado vs. Stanford Postgame Press Conference,BuffsTV,Coach Prime addresses the media after Friday night's game.,172K views,Streamed 1 day ago,https://www.youtube.com/watch?v=WtRr9R3VUAQ
18,90's TV - Figure It Out,brewstewfilms,"Another classic Nickelodeon gameshow. Shout out to Lori Beth Denberg, who always ... Figured It Out. Merch Store: https://teespring.com/stores/brewstew Special Thanks to the people that support...",390K views,1 day ago,https://www.youtube.com/watch?v=ThMcjCpQf1Y
19,Young Thug - From A Man [Official Video],Young Thug,"The official video for Young Thug's ""From a Man"" - Out Now! Stream 'From a Man' on all platforms: https://youngthug.lnk.to/FromAMan Follow Young Thug http://www.twitter.com/youngthug...",649K views,1 day ago,https://www.youtube.com/watch?v=ubNXxF_upSI
20,Buying a cheap grader,Andrew Camarata,"Buying a 1969 Austin Western all wheel drive grader, demonstrating how it operates, installing a new brake master cylinder, then grading some 4"" minus gravel roads with it.",427K views,1 day ago,https://www.youtube.com/watch?v=ZCA7k-BUbZE
21,"So I made an ""Annoying"" Difficulty in Minecraft...",Fundy,"üïπ Get a browser that‚Äôs literally better at everything: https://operagx.gg/Fundy3 Sponsored by Opera GX! THE COMPETITION: Over the next 30 days, the person with the fastest time beating...",1M views,1 day ago,https://www.youtube.com/watch?v=FLYglW2wOQw
22,Activision Blizzard King Joins Xbox - Official Trailer,Xbox,"Welcoming the legendary teams and franchises of Activision Blizzard King to Xbox. Creators of Call of Duty, Candy Crush, Diablo, Overwatch, Warcraft, and more. It's a good day to play. Subscribe...",993K views,1 day ago,https://www.youtube.com/watch?v=AYU4q594LJ0
23,BIG30 - Blrrrddd Pt. 2,The Official Big30,Follow BIG30: https://www.big30music.com https://www.instagram.com/ceobig30 https://www.tiktok.com/@ceobig30 https://twitter.com/BigThirty375 https://www.facebook.com/realceobig30 #BIG30...,217K views,1 day ago,https://www.youtube.com/watch?v=bFqHUnIkSgg
24,BAD BUNNY - NADIE SABE (Visualizer) | nadie sabe lo que va a pasar ma√±ana,Bad Bunny,BAD BUNNY NADIE SABE (Visualizer) https://www.nadiesabeloquevaapasarmanana.com Suscr√≠bete al canal: https://www.youtube.com/BadBunnyPR M√°s de Bad Bunny: nadie sabe lo que va a pasar ma√±ana...,8.1M views,2 days ago,https://www.youtube.com/watch?v=qWL7Iy7jhKc
25,"Triple H announces new GMs, Kevin Owens joins the SmackDown roster | WWE on FOX",WWE ON FOX,Triple H returned for the season premiere of Friday Night SmackDown and announced Adam Pearce as the new General Manager of Monday Night Raw and Nick Aldis as the new GM of Friday Night SmackDown....,252K views,1 day ago,https://www.youtube.com/watch?v=WdJATsg2Tjg
26,I spent a day with MICHAEL REEVES,AnthonyPadilla,‚≠êÔ∏è Become a member and watch this series UNCENSORED & AD FREE: https://www.youtube.com/anthonypadilla/join. I spent a day with Michael Reeves to learn the truth about robots and his career....,594K views,1 day ago,https://www.youtube.com/watch?v=5P5-CSi5D9M
27,The Living Tombstone - Join Us for a Bite Remix,The Living Tombstone,"Happy spooky month! Have some FNAF. ‚û¢ Stream ""Join Us For A Bite Remix"" here: https://distrokid.com/hyperfollow/thelivingtombstone/join-us-for-a-bite-remix Original song by JT Music, vocals...",843K views,1 day ago,https://www.youtube.com/watch?v=dHlpa5utQzQ
28,‚ÄúDragon Ball DAIMA‚Äù Teaser Trailer / Fall 2024,Êù±Êò†„Ç¢„Éã„É°„Éº„Ç∑„Éß„É≥ÂÖ¨ÂºèYouTube„ÉÅ„É£„É≥„Éç„É´,"An all-new series, ‚ÄúDragon Ball DAIMA‚Äù. Drawn by the original creator, Akira Toriyama, a story never told in ‚ÄúDRAGON BALL"" begins! Original work, Story & Character Design by Akira Toriyama...",3.8M views,2 days ago,https://www.youtube.com/watch?v=CYcrmsdZuyw
29,Offset - Say My Grace Ft. Travis Scott (Official Music Video),OFFSETYRN,Watch the official video for Offset‚Äòs ‚ÄúSay My Grace‚Äù Stream // Download Offset ‚Äòs ‚ÄúSet It Off‚Äù here: https://offset.lnk.to/SetItOff Follow Offset Everywhere: Facebook: https://www.fa...,1.4M views,2 days ago,https://www.youtube.com/watch?v=eQrJS8IjKxo
30,TXT (Ìà¨Î™®Î°úÏö∞Î∞îÏù¥Ìà¨Í≤åÎçî) 'Chasing That Feeling' Official MV,HYBE LABELS,"TXT (Ìà¨Î™®Î°úÏö∞Î∞îÏù¥Ìà¨Í≤åÎçî) 'Chasing That Feeling' Official MV Credits: Director: Christian Breslauer Production Company: London Alley / The Lucky Bastards Producers: Lisa Arianna,...",24M views,2 days ago,https://www.youtube.com/watch?v=ISnyONG1dEc
31,Ivan Cornejo - Donde Est√°s (Official Video),Ivan Cornejo,Esc√∫chala en todas las plataformas: https://ivancornejo.lnk.to/DondeEstas Sigue a Ivan: TikTok: https://www.tiktok.com/@ivancornejooo Instagram: https://www.instagram.com/ivancornejoo/ YouTube:...,577K views,2 days ago,https://www.youtube.com/watch?v=bdYm3Ywca2k
32,"The Walking Dead: The Ones Who Live NYCC Teaser | ft. Andrew Lincoln, Danai Gurira",The Walking Dead,The story of Rick (Andrew Lincoln) and Michonne is far from over. The Ones Who Live Coming February 2024 on AMC and AMC+. #TheWalkingDead #AMCPlus #AMC The Walking Dead: The Ones Who Live...,1.4M views,2 days ago,https://www.youtube.com/watch?v=WjXQ7nnwmNc
33,"Roman Reigns Returns; Talks to LA Knight, John Cena | WWE SmackDown Highlights 10/13/23 | WWE on USA",WWE on USA,The Tribal Chief returns to Smackdown. WWE SmackDown Highlights 10/13/23. WWE now streaming on Peacock. ‚ñ∫‚ñ∫ SUBSCRIBE: https://usanet.tv/WWEonUSA-Sub ‚ñ∫‚ñ∫ WATCH FULL MATCHES NOW: https://usa...,725K views,1 day ago,https://www.youtube.com/watch?v=od1aDGcJNFE
34,IVE ÏïÑÏù¥Î∏å 'Baddie' MV,starshipTV,STARSHIP SQUARE (Domestic) : https://bit.ly/3HtQ7GF STARSHIP SQUARE (Global) : https://bit.ly/3JWPxm0 IVE US EXCLUSIVE STORE : https://shop.ive-starship.com/ IVE Twitter : https://twitter.com/IV...,10M views,2 days ago,https://www.youtube.com/watch?v=Da4P2uT4mVc
35,Jeannie Mai | Sherri Shepherd,Sherri,"Jeannie Mai sits down with Sherri to talk about her new CBS game show, Raid the Cage. üñ• Subscribe to our YouTube channel: https://bit.ly/sherriyt üì±Connect with us: FACEBOOK: https://www.fac...",625K views,2 days ago,https://www.youtube.com/watch?v=epTT3_LS6mo
36,Pete Davidson Thinks He‚Äôs Kenan Thompson‚Äôs Favorite Rapper - SNL,Saturday Night Live,"Pete Davidson hosts Saturday Night Live on October 14, 2023, with musical guest Ice Spice. Saturday Night Live. Stream now on Peacock: https://pck.tv/3n1IyzK Subscribe to SNL: https://goo.gl/tUsX...",373K views,2 days ago,https://www.youtube.com/watch?v=YQhqEfw9G24
37,Hunxho - Your Friends [Official Video],Hunxho,"The official music video for Hunxho's ""Your Friends‚Äù - Out Now! Stream 'For Her' - OUT NOW! https://hunxho.lnk.to/forher Stream 'Your Friends': https://hunxho.lnk.to/yourfriends Follow...",252K views,2 days ago,https://www.youtube.com/watch?v=7eaisojKIlE
38,Ghost Master Review,MandaloreGaming,Ghost Master is all about strategically commanding your own legion of haunters to wreak havoc on the town of Gravenville. Don't forget to pick up the Complete Edition! Support the channel at:...,336K views,1 day ago,https://www.youtube.com/watch?v=_3A_VGAPPC0
39,I Joined A Traveling Circus,Michelle Khare,Thank you to Shopify for sponsoring today‚Äôs video! Get a free trial at shopify.com/michellekhare!! üí™üèΩ Get my workout plans HERE ‚ñ∫ https://MKfit.co INSTAGRAM ‚ñ∫ https://www.instagram.co...,685K views,2 days ago,https://www.youtube.com/watch?v=Fqptx5fNXR4
40,6 Foot Tall Dirt Bike,CboysTV,New merch drop live now at: https://cboystv.com/ Subscribe to our Podcast: https://www.youtube.com/@LifeWideOpenPodcast Follow us on Instagram and Snapchat @cboystv This video was done...,1.2M views,2 days ago,https://www.youtube.com/watch?v=Wi5HovF9gP4
41,KSI Gives Update On Logan Paul After Dillon Danis Hits Him With Microphone,JOE,KSI Gives Update On Logan Paul After Dillon Danis Hits Him With Microphone #boxing #loganpaul #ksi Subscribe for more JOE videos: https://www.youtube.com/joecoukvideos You can also follow...,422K views,2 days ago,https://www.youtube.com/watch?v=BH60ZjHvwls
42,OFFLINETV RATATOUILLE COOKING CHALLENGE,OfflineTV,did anyone know that oil could burn üò≠? üïπ Get a browser that‚Äôs literally better at everything: https://operagx.gg/OfflineTV3 Sponsored by Opera GX! ‚ú® Special Thanks ‚Ä¢ @AlvinKZhou...,909K views,2 days ago,https://www.youtube.com/watch?v=2V8fa8qVdQ8
43,We Dropped Rexy From Space And Tried To Catch Him,How Ridiculous,http://www.rexyclothing.com Thanks to the @Sentintospace team for helping us send Rexy to space and back again! https://www.sentintospace.com/ Business Inquiries ‚û§ howridiculous@delkatalents....,521K views,2 days ago,https://www.youtube.com/watch?v=r5DgmLJdKWw
44,Minecraft but I get sent to PARKOUR PRISON,Evbo,"Minecraft but I get sent to PARKOUR PRISON...the INSANE 2nd part of the parkour civilization story...will I be able to escape parkour prison?... Voice Actors: Evbo, Teddy, Grayson Actors:...",587K views,2 days ago,https://www.youtube.com/watch?v=GsPWTRNaZcA
45,FINDING OUT IM PREGNANT... AGAIN!!!,Aspyn Ovard,Surprise!!!!! üë∂üèº,360K views,2 days ago,https://www.youtube.com/watch?v=GjOTZSKLlRc
46,Flying a Plane Powered by AIR,Tom Stanton,"üíª Thanks to Opera for sponsoring this video! Get a browser that‚Äôs literally better at everything, download Opera today: https://opr.as/Opera-browser-TomStanton Get Started in Onshape...",1.2M views,2 days ago,https://www.youtube.com/watch?v=Ho2l1K4Jprg
47,The 15 Pro Max is Almost Terrible.,DankPods,Thank you Patreons!: https://www.patreon.com/dankpods My Floatplane! https://www.floatplane.com/channel/GarbageStream/home My gaming thing: https://www.youtube.com/@HelloImGaming My car thing:...,692K views,2 days ago,https://www.youtube.com/watch?v=rbUmpl4c7A8
48,SECRET TUNNEL/GARAGE PROGRESS #2,2 Much ColinFurze,"IT was Time to call in Tom Lamb If You Want Steel then give Barret Steel a go, Been sorting me out for Years https://www.barrettsteel.com Get your Phase 2 Mining Tee's before they come of sale...",1.6M views,2 days ago,https://www.youtube.com/watch?v=HKiE637B6VQ
49,I got caught in the hype - Google Pixel 8 Pro,ShortCircuit,"Get your Grip case with ‚ÄúMagSafe‚Äù for your new Pixel 8 or 8 Pro at http://shortlinus.com Linus has been using Samsung phones for quite a while now, but after reading constant leaks, he...",668K views,2 days ago,https://www.youtube.com/watch?v=cVzCxCk8klg
50,World's Most Dangerous Trap!,MrBeast,I can‚Äôt believe how crazy the last room is Grab my FREE Jail Time Jimmy skin when you download Stumble Guys! Jump into the MrBeast event and play our new MrBeast‚Äôs Dangerous Traps level...,114M views,7 days ago,https://www.youtube.com/watch?v=3OFj6l2tQ9s
51,Troye Sivan - One of Your Girls (Official Video),Troye Sivan,Get the album ‚ÄòSomething to Give Each Other‚Äô by Troye Sivan: https://troyesivan.lnk.to/SomethingToGiveEachOtherID Watch Troye‚Äôs Music Videos: https://youtube.com/playlist?list=PLCruzMXby65nw...,2.6M views,2 days ago,https://www.youtube.com/watch?v=ZhGl8McrOHo
52,‚ÄúDragon Ball DAIMA‚Äù Teaser Trailer / Fall 2024,Êù±Êò†„Ç¢„Éã„É°„Éº„Ç∑„Éß„É≥ÂÖ¨ÂºèYouTube„ÉÅ„É£„É≥„Éç„É´,"An all-new series, ‚ÄúDragon Ball DAIMA‚Äù. Drawn by the original creator, Akira Toriyama, a story never told in ‚ÄúDRAGON BALL"" begins! Original work, Story & Character Design by Akira Toriyama...",3.8M views,2 days ago,https://www.youtube.com/watch?v=CYcrmsdZuyw
53,The Iron Claw | Official Trailer HD | A24,A24,"SUBSCRIBE: http://bit.ly/A24subscribe From writer/director Sean Durkin and starring Zac Efron, Jeremy Allen White, Harris Dickinson, Maura Tierney, Stanley Simons, with Holt McCallany and...",3.8M views,3 days ago,https://www.youtube.com/watch?v=8KVsaoveTbw
54,My First Time Playing D&D,Jaiden Animations,roll for you to watch this video and say it was funny and great and jaiden is so awesome oh look at that a nat 20 Alpharad: https://www.youtube.com/@Alpharad Ranboo: https://www.youtube.com/c/Ranbo...,1.4M views,17 hours ago,https://www.youtube.com/watch?v=OQx7q6mwkV4
55,"Jermaine Dupri Brings Ludacris, Chingy, Lil Jon & More To Perform Classics | Hip Hop Awards '23",BETNetworks,"Hands down an unforgettable performance you will remember. Jermaine Dupri brought out your favorite throwbacks including 'Welcome To Atlanta,' 'Never Scared,' 'Money Ain't A Thing,' 'Snap Yo...",1.2M views,4 days ago,https://www.youtube.com/watch?v=rMaMp9DIEu8
56,The World's First Square Bike | OT41,Dude Perfect,"Cool Not Cool is BACK! Along with Get Crafty, Taste Test and Commercial Clash! Thanks to Quaker Chewy Granola for sponsoring this video! Visit https://QuakerOats.com to see where you can pick...",5.6M views,7 days ago,https://www.youtube.com/watch?v=UGz1AbmJIuU
57,Drake - Another Late Night ft. Lil Yachty (Directed by Cole Bennett),Lyrical Lemonade,Lyrical Lemonade Presents: Drake - Another Late Night (feat. Lil Yachty) [Official Music Video] WE SHOT THIS IN 2 HOURS IN MAPLE RIDGE CANADA Directed and Edited by Cole Bennett Song Produced...,4M views,8 days ago,https://www.youtube.com/watch?v=DGVjmJpCRUg
58,"Jessie Murph, Jelly Roll - Wild Ones (Official Video)",Jessie Murph,"Official Video for ""Wild Ones"" by Jessie Murph ft. Jelly Roll. Listen to ""Wild Ones"" here: http://jessiemurph.lnk.to/wildones Follow Me! TikTok: https://www.tiktok.com/@jessiemurphhh ...",2M views,8 days ago,https://www.youtube.com/watch?v=MVDJxMxzTL0
59,I made 6 absurd pencil sharpeners,Stuff Made Here,"Head to https://brilliant.org/StuffMadeHere/ to start your free 30-day trial, and the first 200 people get 20% off an annual premium subscription! Create a FREE Onshape account at: https://Onshape....",3.9M views,4 days ago,https://www.youtube.com/watch?v=wh8ij9NnLIQ
60,BAD BUNNY - NADIE SABE (Visualizer) | nadie sabe lo que va a pasar ma√±ana,Bad Bunny,BAD BUNNY NADIE SABE (Visualizer) https://www.nadiesabeloquevaapasarmanana.com Suscr√≠bete al canal: https://www.youtube.com/BadBunnyPR M√°s de Bad Bunny: nadie sabe lo que va a pasar ma√±ana...,8.1M views,2 days ago,https://www.youtube.com/watch?v=qWL7Iy7jhKc
61,"We somehow raised $300,000 for a Sea Otter's birthday",DougDoug,Happy 24th birthday to the greatest otter of all time. Streaming live on Twitch! https://www.twitch.tv/dougdoug Full stream recording: https://www.youtube.com/watch?v=kvBZ7WwUhIQ Seafood stream...,1.2M views,4 days ago,https://www.youtube.com/watch?v=Un4Iryj8MLM
62,"The Walking Dead: The Ones Who Live NYCC Teaser | ft. Andrew Lincoln, Danai Gurira",The Walking Dead,The story of Rick (Andrew Lincoln) and Michonne is far from over. The Ones Who Live Coming February 2024 on AMC and AMC+. #TheWalkingDead #AMCPlus #AMC The Walking Dead: The Ones Who Live...,1.4M views,2 days ago,https://www.youtube.com/watch?v=WjXQ7nnwmNc
63,Tee Grizzley - Grizzley 2Tymes (feat. Finesse2Tymes) [Official Video],Tee Grizzley,"The official video for Tee Grizzley's ""Grizzley 2Tymes"" Stream here: https://teegrizzley.lnk.to/Finesse2Tymes Subscribe to Tee Grizzley's Channel: http://flyt.it/SubscribeTee Follow Tee:...",1.4M views,8 days ago,https://www.youtube.com/watch?v=pL2EYJoVVv4
64,I Invited 100 Billionaires To My Birthday,Ryan Trahan,i'm an iPad kid,3M views,1 day ago,https://www.youtube.com/watch?v=xUmjpZSs5qA
65,Drake - First Person Shooter (Audio) ft. J. Cole,Drake,"Music video by Drake performing First Person Shooter (Audio). ¬© 2023 OVO, under exclusive license to Republic Records, a division of UMG Recordings, Inc. http://vevo.ly/xeX0Px",4.3M views,8 days ago,https://www.youtube.com/watch?v=sRs2o36a1Us
66,Stanford Cardinal vs. Colorado Buffaloes | Full Game Highlights,ESPN College Football,"The Stanford Cardinal complete the largest comeback in school history by defeating the Colorado Buffaloes, 46-43, in double overtime. Shedeur Sanders threw for 400 YDS, 5 TD & 1 INT as Coach...",1.9M views,1 day ago,https://www.youtube.com/watch?v=BOjWDbuCNBA
67,Ivan Cornejo - Donde Est√°s (Official Video),Ivan Cornejo,Esc√∫chala en todas las plataformas: https://ivancornejo.lnk.to/DondeEstas Sigue a Ivan: TikTok: https://www.tiktok.com/@ivancornejooo Instagram: https://www.instagram.com/ivancornejoo/ YouTube:...,577K views,2 days ago,https://www.youtube.com/watch?v=bdYm3Ywca2k
68,I Took a Vision Healing Masterclass,Kurtis Conner,Go score your own air up bottle and flavor pods w/ 15% off using my code KURTISTOWN ‚ñ∫ https://airup.link/3Q4q39J I took a vision healing masterclass and tried to heal my vision...will it...,2.4M views,8 days ago,https://www.youtube.com/watch?v=GIWyZnkw1uM
69,Tyla - Water (Official Music Video),Tyla,Tyla - Water (Official Music Video) Listen To ‚ÄúWater‚Äù now: https://Tyla.lnk.to/Water Watch the Official Live Video: https://youtu.be/88a7rr8KXcE Watch the Official Lyric Video: https://youtu....,7.4M views,9 days ago,https://www.youtube.com/watch?v=XoiOOiuH8iI
70,Frieza VS Megatron (Dragon Ball VS Transformers) | DEATH BATTLE!,DEATH BATTLE!,Who wins? It's Goku's nemesis versus Optimus Prime's rival! Go to http://nordvpn.com/deathbattle to try NordVPN risk-free with a 30-day money-back guarantee. This episode is sponsored by BetterHel...,1.6M views,5 days ago,https://www.youtube.com/watch?v=2niQQ0BNWkA
71,I Turned my Bed into a Fish Tank!,Ben Azelart,I Turned my Bed into a Fish Tank... the ending was crazy! Video inspired by: @AquariumInfo @drewdirksen Subscribe below! STAY WILD https://www.youtube.com/@StayWildVlogs CAM HUFF https://www.yo...,2.5M views,1 day ago,https://www.youtube.com/watch?v=GOUG2xcDwsc
72,Offset - Say My Grace Ft. Travis Scott (Official Music Video),OFFSETYRN,Watch the official video for Offset‚Äòs ‚ÄúSay My Grace‚Äù Stream // Download Offset ‚Äòs ‚ÄúSet It Off‚Äù here: https://offset.lnk.to/SetItOff Follow Offset Everywhere: Facebook: https://www.fa...,1.4M views,2 days ago,https://www.youtube.com/watch?v=eQrJS8IjKxo
73,Ancient Life as Old as the Universe,Kurzgesagt ‚Äì In a Nutshell,"‚ú® WORLDWIDE SHIPPING AVAILABLE ‚ú® The 12,024 Human Era Calendar has landed! https://shop.kgs.link/12024 Join us on an exploration of how different cosmic conditions could shape unique worlds...",3.6M views,4 days ago,https://www.youtube.com/watch?v=JOiGEI9pQBs
74,Guess The Secret NBA Player ft. Giannis Antetokounmpo,Jesser,This might be the most insane collab we've ever done on the channel... Guess the secret NBA player with special guests Giannis and Alex Antetokounmpo! Be sure to check out @GiannisAntetokounmpo...,4M views,9 days ago,https://www.youtube.com/watch?v=BGzGPyUKS1Q
75,TXT (Ìà¨Î™®Î°úÏö∞Î∞îÏù¥Ìà¨Í≤åÎçî) 'Chasing That Feeling' Official MV,HYBE LABELS,"TXT (Ìà¨Î™®Î°úÏö∞Î∞îÏù¥Ìà¨Í≤åÎçî) 'Chasing That Feeling' Official MV Credits: Director: Christian Breslauer Production Company: London Alley / The Lucky Bastards Producers: Lisa Arianna,...",24M views,2 days ago,https://www.youtube.com/watch?v=ISnyONG1dEc
76,skibidi toilet 65,DaFuq!?Boom!,"bosses battle skibidi dop dop dop yes yes full-screen version (if you're author of certain assets in video and I didn't credit you properly, please contact me) Contact me: instagram.com/dafuqboom...",53M views,8 days ago,https://www.youtube.com/watch?v=fpk6itC2Pq0
77,Junior H - Y LLORO [Official Video],Junior H,"Junior H - Y LLORO [Official Video] Nuevo Album ""$AD BOYZ 4 LIFE II"" Ya Esta Disponible En Tu Plataforma Favorita! https://WML.link/JuniorHSADBOYZ4LIFEII Suscr√≠bete: @JuniorH_Oficial...",6.8M views,8 days ago,https://www.youtube.com/watch?v=a8M1Es4cI_4
78,Activision Blizzard King Joins Xbox - Official Trailer,Xbox,"Welcoming the legendary teams and franchises of Activision Blizzard King to Xbox. Creators of Call of Duty, Candy Crush, Diablo, Overwatch, Warcraft, and more. It's a good day to play. Subscribe...",993K views,1 day ago,https://www.youtube.com/watch?v=AYU4q594LJ0
79,Natanael Cano - O Me Voy O Te Vas [Official Video],Natanael Cano,Natanael Cano - O Me Voy O Te Vas [Official Video] Merch: https://dreaminpeace.store/ Subscr√≠bete a Los CT: https://www.youtube.com/channel/UCSA0... P√°ginas oficiales de Natanael Cano...,3.2M views,4 days ago,https://www.youtube.com/watch?v=xGI3ky4kLwE
80,"So I made an ""Annoying"" Difficulty in Minecraft...",Fundy,"üïπ Get a browser that‚Äôs literally better at everything: https://operagx.gg/Fundy3 Sponsored by Opera GX! THE COMPETITION: Over the next 30 days, the person with the fastest time beating...",1M views,1 day ago,https://www.youtube.com/watch?v=FLYglW2wOQw
81,YoungBoy Never Broke Again - Heard Of Me [Official Music Video],YoungBoy Never Broke Again,YoungBoy Never Broke Again ‚Äì Stream/Download: https://youngboy.lnk.to/MaIGotAFamily Subscribe for more official content from YoungBoy NBA: https://youngboy.lnk.to/Subscribe Connect...,4.8M views,2 weeks ago,https://www.youtube.com/watch?v=NGqKq430Kwc
82,Darell - Lollipop (Official Video),Darell,Darell- Lollipop (Official Video) Music: Apple Music: https://Darell.lnk.to/EverybodyGoToTheDiscotek/applemusic Spotify: https://Darell.lnk.to/EverybodyGoToTheDiscotek/spotify Amazon: https://Da...,5.7M views,6 days ago,https://www.youtube.com/watch?v=5ospiemGG3M
83,Lenny Kravitz - TK421 (Official Video),Lenny Kravitz,"The official music video for Lenny Kravitz ""TK421"", out now: https://lennykravitz.lnk.to/TK421 Pre-save the album, Blue Electric Light: https://lennykravitz.lnk.to/BlueElectricLight *Credits*...",1.3M views,2 days ago,https://www.youtube.com/watch?v=JqNZxEMaRrY
84,Wild Ones,Jessie Murph,"Provided to YouTube by Columbia Wild Ones ¬∑ Jessie Murph ¬∑ Jelly Roll Wild Ones ‚Ñó 2023 Columbia Records, a Division of Sony Music Entertainment, under exclusive license from Jessie Murph...",915K views,10 days ago,https://www.youtube.com/watch?v=3BY2iE5RIZw
85,Kodak Black - Hope You Know [Official Music Video],Kodak Black,Kodak Black - Hope You Know (Official Music Video) Shot & Edited By: @999Nakato Follow Kodak Black https://twitter.com/KodakBlack1k https://facebook.com/TheRealKodakBlack https://instagram.com/k...,2.3M views,10 days ago,https://www.youtube.com/watch?v=fuQTw5Wc_ys
86,AMP BAKE OFF FT BETA SQUAD,AMP,SUBSCRIBE TO THE UK MANDEM! @BetaSquad AJ: @AjShabeel Sharky: @sharky Chunkz: @Chunkz Niko: @Niko Kenny: @KingKennyTV Filly: @YungFilly GET EXCLUSIVE AMP APPAREL HTTPS://AMP.SHOP...,6.3M views,12 days ago,https://www.youtube.com/watch?v=fsw_x4wdQ2A
87,"WARRIORS at LAKERS | NBA PRESEASON FULL GAME HIGHLIGHTS | October 13, 2023",NBA,"Never miss a moment with the latest news, trending stories and highlights to bring you closer to your favorite players and teams. Download now: https://app.link.nba.com/NBAapp The Golden State...",1.8M views,1 day ago,https://www.youtube.com/watch?v=FhI3nph0a60
88,VIDEO GAME HOUSE 6,RDCworld1,Everyone's getting debuts in this episode! But for better or worse? Thank you to everyone who helped in the video! Peach - @jalonaz Daisy - @missjourdy Amy - @godtobias Mrs. Pacman - @beccasupreme...,1.9M views,9 days ago,https://www.youtube.com/watch?v=i8r4h29tEWQ
89,Offset - Set It Off | From The Block [NAWF] Performance üéô,4 Shooters Only,Lock in w/ #4SO üéØ: https://linktr.ee/4softb Instagram: https://www.instagram.com/4shootersonly/ Merch: https://shop4so.com/ Email: book4shootersonly@gmail.com #4SO #FromTheBlock,613K views,6 days ago,https://www.youtube.com/watch?v=CPY7jnUGdQA
90,I Made A Bad Decision,Shane2,LIKE for BAJA BLAST EPISODE!!! and THANKS FOR SUBSCRIBING!!! NEW CONSPIRACY VIDEO! https://www.youtube.com/watch?v=XhkIXzp5-pA&t=2836s TWINKIE SDTV EPISODE https://www.youtube.com/watch?v=-eAGqMDS8...,532K views,3 days ago,https://www.youtube.com/watch?v=OViWpcHHgBE
91,I Made My Giant Beyblade Way Too Powerful!,I did a thing,üïπ Get a browser that‚Äôs literally better at everything: https://operagx.gg/Ididathing2 Sponsored by Opera GX! Check out my mates channel @NoEngineerHere and thanks to hamilton for letting...,3.7M views,7 days ago,https://www.youtube.com/watch?v=FRxmR0ICvTM
92,FINDING OUT OUR BABY'S GENDER AT BIRTH ü§ç,cassieeMUA,these are by far the most intimate & vulnerable moments we‚Äôve ever shared with the world. i don‚Äôt even know how to put into words how intense & terrified i was during my birth experience....,301K views,3 days ago,https://www.youtube.com/watch?v=z_RFTNIf0Fc
93,New HALLOWEEN 2023 Update in Fortnite!,TG Plays,"Fortnite Fortnitemares Update 2023 Chapter 4, Season 4 gameplay with Typical Gamer! SUBSCRIBE & CLICK THE BELL! üîî MY GAMES in FORTNITE! üî¥ PLAY RED vs BLUE - LIVE EVENT! ‚ñ∫ 2786-2114-8349...",1.9M views,4 days ago,https://www.youtube.com/watch?v=u-765QJDn8Y
94,SIDEMEN AMONG US VAMPIRE ROLE: BITE EVERYONE TO WIN,MoreSidemen,üçó: Order food NOW at: https://www.eatsides.com/ üé•: Access exclusive content at: https://www.sideplus.com/ üçπ: XIX Vodka: https://www.xixvodka.com/ üëâüèª: Subscribe to our Reacts...,4M views,7 days ago,https://www.youtube.com/watch?v=A87kkzsl1Wo
95,90's TV - Figure It Out,brewstewfilms,"Another classic Nickelodeon gameshow. Shout out to Lori Beth Denberg, who always ... Figured It Out. Merch Store: https://teespring.com/stores/brewstew Special Thanks to the people that support...",390K views,1 day ago,https://www.youtube.com/watch?v=ThMcjCpQf1Y
96,"LAKERS at WARRIORS | NBA PRESEASON FULL GAME HIGHLIGHTS | October 7, 2023",NBA,"Never miss a moment with the latest news, trending stories and highlights to bring you closer to your favorite players and teams. Download now: https://app.link.nba.com/APP22 The Golden State...",2.5M views,7 days ago,https://www.youtube.com/watch?v=IYST78O5vks
